﻿<?xml version="1.0" encoding="UTF-8" standalone="yes"?>
<addon id="plugin.video.seyirTURK"
       name="seyirTURK"
       version="2.04"
       provider-name="seyirTURK">
  <requires>
    <import addon="xbmc.python" version="2.1.0"/>
	<import addon="script.module.urlresolver" version="2.4.0"/>
	  </requires>
  <extension point="xbmc.python.pluginsource" provides="video" library="seyirTURK.py">
        <provides>video</provides>
  </extension>
  <extension point="xbmc.addon.metadata">
    <summary>seyirTURK - Tam sürüm</summary>
    <description>http://seyirturk.com</description>
	
    <platform>all</platform>
  </extension>
</addon>
