<?xml version="1.0" encoding="UTF-8" standalone="yes"?>
<addon id="plugin.video.xorion_noAdult" name="XorioN-NoAdult" version="1.1.9" provider-name="XorioN">
  <requires>
    <import addon="xbmc.python" version="2.1.0"/>
  </requires>
  <extension point="xbmc.python.pluginsource" library="xorion.py">
    <provides>video</provides>
  </extension>
  <extension point="xbmc.addon.metadata">
    <summary lang="en">XorioN - XBMC (No Adult)</summary>
    <description lang="en">Portallarini sunan herkese cok tesekkurler.</description>
    <disclaimer lang="en"></disclaimer>
    <language></language>
    <platform>all</platform>
    <license></license>
    <forum></forum>
    <website></website>
    <email></email>
    <source></source>
  </extension>
</addon>